{
	"hsl": {
		"neutral": 0.5,
		"light": {
			"min": 0.06666,
			"max": 0.10888,
			"step": 0.105
		},
		"dark": {
			"min": 0.06666,
			"max": 0.10888,
			"step": 0.0825
		}
	},
	"hwb": {
		"neutral": 0.0,
		"light": {
			"min": 0.17777,
			"max": 0.22,
			"step": 0.21
		},
		"dark": {
			"min": 0.17777,
			"max": 0.22,
			"step": 0.1725
		}
	},
	"lab": {
		"neutral": 0.5,
		"light": {
			"min": 0.06666,
			"max": 0.10888,
			"step": 0.10888
		},
		"dark": {
			"min": 0.06666,
			"max": 0.10888,
			"step": 0.10888
		}
	},
	"oklab": {
		"neutral": 0.5,
		"light": {
			"min": 0.06666,
			"max": 0.10888,
			"step": 0.10888
		},
		"dark": {
			"min": 0.06666,
			"max": 0.10888,
			"step": 0.10888
		}
	},
	"lch": {
		"neutral": 0.5,
		"light": {
			"min": 0.06666,
			"max": 0.10888,
			"step": 0.10888
		},
		"dark": {
			"min": 0.06666,
			"max": 0.10888,
			"step": 0.10888
		}
	},
	"oklch": {
		"neutral": 0.5,
		"light": {
			"min": 0.06666,
			"max": 0.10888,
			"step": 0.10888
		},
		"dark": {
			"min": 0.06666,
			"max": 0.10888,
			"step": 0.10888
		}
	}
}
